,GEO.id,zip,GEO.display-label,NAICS.id,NAICS.display-label,YEAR.id,ESTAB,EMP,PAYQTR1,PAYANN,city,state,latitude,longitude,timezone,dst
0,8610000US01701,01701,"ZIP 01701 (Framingham, MA)",00,Total for all sectors,2012,1159,29510.0,535269,2067867,Framingham,MA,42.318695,-71.42344,-5,1
1,8610000US01703,01703,"ZIP 01703 (Framingham, MA)",00,Total for all sectors,2012,5,17.0,186,761,Framingham,MA,42.446396,-71.459405,-5,1
2,8610000US01704,01704,"ZIP 01704 (Framingham, MA)",00,Total for all sectors,2012,2,,D,D,Framingham,MA,42.446396,-71.459405,-5,1
3,8610000US01730,01730,"ZIP 01730 (Bedford, MA)",00,Total for all sectors,2012,528,16669.0,404519,1529332,Bedford,MA,42.496679,-71.27504,-5,1
4,8610000US01731,01731,"ZIP 01731 (Hanscom Afb, MA)",00,Total for all sectors,2012,33,904.0,S,72365,Hanscom AFB,MA,42.459085,-71.27556,-5,1
5,8610000US01741,01741,"ZIP 01741 (Carlisle, MA)",00,Total for all sectors,2012,109,542.0,8397,36835,Carlisle,MA,42.5286,-71.35084,-5,1
6,8610000US01742,01742,"ZIP 01742 (Concord, MA)",00,Total for all sectors,2012,778,10011.0,169590,671095,Concord,MA,42.457201,-71.37478,-5,1
7,8610000US01760,01760,"ZIP 01760 (Natick, MA)",00,Total for all sectors,2012,1320,20290.0,299753,1212180,Natick,MA,42.290763,-71.35368,-5,1
8,8610000US01770,01770,"ZIP 01770 (Sherborn, MA)",00,Total for all sectors,2012,112,470.0,4639,21781,Sherborn,MA,42.231025,-71.37202,-5,1
9,8610000US01773,01773,"ZIP 01773 (Lincoln, MA)",00,Total for all sectors,2012,144,1235.0,16253,71168,Lincoln,MA,42.425537,-71.30316,-5,1
10,8610000US01776,01776,"ZIP 01776 (Sudbury, MA)",00,Total for all sectors,2012,507,6564.0,96064,389861,Sudbury,MA,42.38532,-71.42989,-5,1
11,8610000US01778,01778,"ZIP 01778 (Wayland, MA)",00,Total for all sectors,2012,346,2944.0,29090,123577,Wayland,MA,42.345583,-71.35643,-5,1
12,8610000US01801,01801,"ZIP 01801 (Woburn, MA)",00,Total for all sectors,2012,2010,40659.0,582713,2460334,Woburn,MA,42.484545,-71.15206,-5,1
13,8610000US01803,01803,"ZIP 01803 (Burlington, MA)",00,Total for all sectors,2012,1441,39280.0,796321,3165262,Burlington,MA,42.506362,-71.20008,-5,1
14,8610000US01805,01805,"ZIP 01805 (Burlington, MA)",00,Total for all sectors,2012,9,,D,D,Burlington,MA,42.446396,-71.459405,-5,1
15,8610000US01815,01815,"ZIP 01815 (Woburn, MA)",00,Total for all sectors,2012,1,,D,D,Woburn,MA,42.446396,-71.459405,-5,1
16,8610000US01821,01821,"ZIP 01821 (Billerica, MA)",00,Total for all sectors,2012,682,14291.0,259015,1005048,Billerica,MA,42.54805,-71.25054,-5,1
17,8610000US01822,01822,"ZIP 01822 (Billerica, MA)",00,Total for all sectors,2012,1,,D,D,Billerica,MA,42.446396,-71.459405,-5,1
18,8610000US01862,01862,"ZIP 01862 (North Billerica, MA)",00,Total for all sectors,2012,379,8254.0,109262,434580,North Billerica,MA,42.573592,-71.2911,-5,1
19,8610000US01864,01864,"ZIP 01864 (North Reading, MA)",00,Total for all sectors,2012,477,6243.0,140018,437584,North Reading,MA,42.583436,-71.0982,-5,1
20,8610000US01865,01865,"ZIP 01865 (Nutting Lake, MA)",00,Total for all sectors,2012,3,6.0,28,176,Nutting Lake,MA,42.446396,-71.459405,-5,1
21,8610000US01866,01866,"ZIP 01866 (Pinehurst, MA)",00,Total for all sectors,2012,6,28.0,165,901,Pinehurst,MA,42.446396,-71.459405,-5,1
22,8610000US01867,01867,"ZIP 01867 (Reading, MA)",00,Total for all sectors,2012,513,7533.0,88239,363863,Reading,MA,42.52585,-71.10993,-5,1
23,8610000US01876,01876,"ZIP 01876 (Tewksbury, MA)",00,Total for all sectors,2012,710,13342.0,194173,853925,Tewksbury,MA,42.601684,-71.22071,-5,1
24,8610000US01880,01880,"ZIP 01880 (Wakefield, MA)",00,Total for all sectors,2012,885,12803.0,217262,807099,Wakefield,MA,42.501345,-71.07132,-5,1
25,8610000US01887,01887,"ZIP 01887 (Wilmington, MA)",00,Total for all sectors,2012,756,17090.0,284510,1100837,Wilmington,MA,42.558576,-71.17031,-5,1
26,8610000US01888,01888,"ZIP 01888 (Woburn, MA)",00,Total for all sectors,2012,13,197.0,3552,16088,Woburn,MA,42.446396,-71.459405,-5,1
27,8610000US01889,01889,"ZIP 01889 (North Reading, MA)",00,Total for all sectors,2012,1,,D,D,North Reading,MA,42.571633,-71.109646,-5,1
28,8610000US01890,01890,"ZIP 01890 (Winchester, MA)",00,Total for all sectors,2012,568,6422.0,74654,332258,Winchester,MA,42.451945,-71.14276,-5,1
29,8610000US01901,01901,"ZIP 01901 (Lynn, MA)",00,Total for all sectors,2012,269,6171.0,64065,247912,Lynn,MA,42.461246,-70.946743,-5,1
30,8610000US01902,01902,"ZIP 01902 (Lynn, MA)",00,Total for all sectors,2012,387,3610.0,28167,121651,Lynn,MA,42.469946,-70.94113,-5,1
31,8610000US01903,01903,"ZIP 01903 (Lynn, MA)",00,Total for all sectors,2012,8,45.0,333,1384,Lynn,MA,42.635443,-70.879123,-5,1
32,8610000US01904,01904,"ZIP 01904 (Lynn, MA)",00,Total for all sectors,2012,269,2262.0,17772,75472,Lynn,MA,42.490421,-70.96579,-5,1
33,8610000US01905,01905,"ZIP 01905 (Lynn, MA)",00,Total for all sectors,2012,284,3760.0,37174,155019,Lynn,MA,42.464879,-70.97411,-5,1
34,8610000US01906,01906,"ZIP 01906 (Saugus, MA)",00,Total for all sectors,2012,760,9460.0,59610,248753,Saugus,MA,42.462796,-71.0098,-5,1
35,8610000US01907,01907,"ZIP 01907 (Swampscott, MA)",00,Total for all sectors,2012,311,2746.0,18773,83161,Swampscott,MA,42.474409,-70.90588,-5,1
36,8610000US01908,01908,"ZIP 01908 (Nahant, MA)",00,Total for all sectors,2012,52,365.0,2332,10336,Nahant,MA,42.427096,-70.92809,-5,1
37,8610000US01910,01910,"ZIP 01910 (Lynn, MA)",00,Total for all sectors,2012,10,,D,D,Lynn,MA,42.454796,-70.974694,-5,1
38,8610000US01915,01915,"ZIP 01915 (Beverly, MA)",00,Total for all sectors,2012,1235,20676.0,246256,996540,Beverly,MA,42.560995,-70.8757,-5,1
39,8610000US01923,01923,"ZIP 01923 (Danvers, MA)",00,Total for all sectors,2012,1098,27718.0,303864,1151996,Danvers,MA,42.569756,-70.94322,-5,1
40,8610000US01937,01937,"ZIP 01937 (Hathorne, MA)",00,Total for all sectors,2012,5,54.0,417,1683,Hathorne,MA,42.635443,-70.879123,-5,1
41,8610000US01940,01940,"ZIP 01940 (Lynnfield, MA)",00,Total for all sectors,2012,342,3517.0,45662,188228,Lynnfield,MA,42.527895,-71.02834,-5,1
42,8610000US01945,01945,"ZIP 01945 (Marblehead, MA)",00,Total for all sectors,2012,535,3660.0,30776,133540,Marblehead,MA,42.497146,-70.86323,-5,1
43,8610000US01949,01949,"ZIP 01949 (Middleton, MA)",00,Total for all sectors,2012,273,3258.0,37339,145117,Middleton,MA,42.602278,-71.01356,-5,1
44,8610000US01960,01960,"ZIP 01960 (Peabody, MA)",00,Total for all sectors,2012,1412,23378.0,252805,1047672,Peabody,MA,42.534045,-70.96146,-5,1
45,8610000US01961,01961,"ZIP 01961 (Peabody, MA)",00,Total for all sectors,2012,29,437.0,4844,21312,Peabody,MA,42.635443,-70.879123,-5,1
46,8610000US01965,01965,"ZIP 01965 (Prides Crossing, MA)",00,Total for all sectors,2012,12,,D,D,Prides Crossing,MA,42.558113,-70.825743,-5,1
47,8610000US01970,01970,"ZIP 01970 (Salem, MA)",00,Total for all sectors,2012,1125,16375.0,169006,715964,Salem,MA,42.516845,-70.8985,-5,1
48,8610000US01984,01984,"ZIP 01984 (Wenham, MA)",00,Total for all sectors,2012,86,1490.0,7346,32539,Wenham,MA,42.600518,-70.87618,-5,1
49,8610000US02018,02018,"ZIP 02018 (Accord, MA)",00,Total for all sectors,2012,5,67.0,1499,6651,Accord,MA,41.970474,-70.701357,-5,1
50,8610000US02021,02021,"ZIP 02021 (Canton, MA)",00,Total for all sectors,2012,892,21086.0,397202,1487410,Canton,MA,42.166776,-71.1343,-5,1
51,8610000US02025,02025,"ZIP 02025 (Cohasset, MA)",00,Total for all sectors,2012,260,2217.0,16681,72449,Cohasset,MA,42.241908,-70.81223,-5,1
52,8610000US02026,02026,"ZIP 02026 (Dedham, MA)",00,Total for all sectors,2012,868,15330.0,163755,660161,Dedham,MA,42.244609,-71.16553,-5,1
53,8610000US02027,02027,"ZIP 02027 (Dedham, MA)",00,Total for all sectors,2012,17,222.0,2196,9856,Dedham,MA,42.180048,-71.08923,-5,1
54,8610000US02030,02030,"ZIP 02030 (Dover, MA)",00,Total for all sectors,2012,112,369.0,4778,22577,Dover,MA,42.23888,-71.28241,-5,1
55,8610000US02032,02032,"ZIP 02032 (East Walpole, MA)",00,Total for all sectors,2012,115,1967.0,18878,77435,East Walpole,MA,42.153912,-71.21362,-5,1
56,8610000US02040,02040,"ZIP 02040 (Greenbush, MA)",00,Total for all sectors,2012,9,23.0,254,1221,Greenbush,MA,41.970474,-70.701357,-5,1
57,8610000US02043,02043,"ZIP 02043 (Hingham, MA)",00,Total for all sectors,2012,842,12051.0,148972,589026,Hingham,MA,42.225708,-70.88764,-5,1
58,8610000US02045,02045,"ZIP 02045 (Hull, MA)",00,Total for all sectors,2012,157,953.0,6116,27656,Hull,MA,42.286347,-70.87663,-5,1
59,8610000US02052,02052,"ZIP 02052 (Medfield, MA)",00,Total for all sectors,2012,309,2356.0,19530,83965,Medfield,MA,42.185571,-71.30476,-5,1
60,8610000US02060,02060,"ZIP 02060 (North Scituate, MA)",00,Total for all sectors,2012,12,222.0,3851,19273,North Scituate,MA,41.970474,-70.701357,-5,1
61,8610000US02061,02061,"ZIP 02061 (Norwell, MA)",00,Total for all sectors,2012,529,9618.0,134557,573676,Norwell,MA,42.15243,-70.8205,-5,1
62,8610000US02062,02062,"ZIP 02062 (Norwood, MA)",00,Total for all sectors,2012,1270,25163.0,381546,1457828,Norwood,MA,42.185974,-71.20166,-5,1
63,8610000US02066,02066,"ZIP 02066 (Scituate, MA)",00,Total for all sectors,2012,347,2327.0,16565,77653,Scituate,MA,42.205038,-70.7513,-5,1
64,8610000US02067,02067,"ZIP 02067 (Sharon, MA)",00,Total for all sectors,2012,386,2478.0,25028,112172,Sharon,MA,42.113749,-71.17923,-5,1
65,8610000US02072,02072,"ZIP 02072 (Stoughton, MA)",00,Total for all sectors,2012,867,11770.0,130494,535797,Stoughton,MA,42.125432,-71.10627,-5,1
66,8610000US02081,02081,"ZIP 02081 (Walpole, MA)",00,Total for all sectors,2012,585,6268.0,66694,274020,Walpole,MA,42.145237,-71.25375,-5,1
67,8610000US02090,02090,"ZIP 02090 (Westwood, MA)",00,Total for all sectors,2012,430,10336.0,230078,739749,Westwood,MA,42.212949,-71.20735,-5,1
68,8610000US02108,02108,"ZIP 02108 (Boston, MA)",00,Total for all sectors,2012,1126,26072.0,552349,1758118,Boston,MA,42.357903,-71.06408,-5,1
69,8610000US02109,02109,"ZIP 02109 (Boston, MA)",00,Total for all sectors,2012,1297,62166.0,2089640,7528809,Boston,MA,42.361477,-71.05417,-5,1
70,8610000US02110,02110,"ZIP 02110 (Boston, MA)",00,Total for all sectors,2012,1712,47279.0,1806908,5981867,Boston,MA,42.356532,-71.05365,-5,1
71,8610000US02111,02111,"ZIP 02111 (Boston, MA)",00,Total for all sectors,2012,884,33337.0,779033,2510152,Boston,MA,42.349838,-71.06101,-5,1
72,8610000US02112,02112,"ZIP 02112 (Boston, MA)",00,Total for all sectors,2012,7,633.0,1739,6021,Boston,MA,42.338947,-70.919635,-5,1
73,8610000US02113,02113,"ZIP 02113 (Boston, MA)",00,Total for all sectors,2012,184,1978.0,15875,71462,Boston,MA,42.365028,-71.05636,-5,1
74,8610000US02114,02114,"ZIP 02114 (Boston, MA)",00,Total for all sectors,2012,654,39444.0,716036,2880491,Boston,MA,42.361792,-71.06774,-5,1
75,8610000US02115,02115,"ZIP 02115 (Boston, MA)",00,Total for all sectors,2012,600,56939.0,778220,3165317,Boston,MA,42.34308,-71.09268,-5,1
76,8610000US02116,02116,"ZIP 02116 (Boston, MA)",00,Total for all sectors,2012,1960,50605.0,1327190,4523494,Boston,MA,42.349622,-71.07372,-5,1
77,8610000US02117,02117,"ZIP 02117 (Boston, MA)",00,Total for all sectors,2012,14,,D,D,Boston,MA,42.338947,-70.919635,-5,1
78,8610000US02118,02118,"ZIP 02118 (Boston, MA)",00,Total for all sectors,2012,750,16117.0,211027,870863,Boston,MA,42.338724,-71.07276,-5,1
79,8610000US02119,02119,"ZIP 02119 (Roxbury, MA)",00,Total for all sectors,2012,404,6625.0,84956,341176,Boston,MA,42.324511,-71.08455,-5,1
80,8610000US02120,02120,"ZIP 02120 (Roxbury Crossing, MA)",00,Total for all sectors,2012,155,3438.0,37554,157672,Boston,MA,42.332099,-71.09651,-5,1
81,8610000US02121,02121,"ZIP 02121 (Dorchester, MA)",00,Total for all sectors,2012,176,1771.0,12614,55993,Boston,MA,42.307448,-71.08127,-5,1
82,8610000US02122,02122,"ZIP 02122 (Dorchester, MA)",00,Total for all sectors,2012,458,6784.0,61232,261043,Boston,MA,42.296298,-71.05454,-5,1
83,8610000US02123,02123,"ZIP 02123 (Boston, MA)",00,Total for all sectors,2012,5,,D,D,Boston,MA,42.338947,-70.919635,-5,1
84,8610000US02124,02124,"ZIP 02124 (Dorchester Center, MA)",00,Total for all sectors,2012,543,5883.0,49847,200516,Boston,MA,42.28713,-71.07156,-5,1
85,8610000US02125,02125,"ZIP 02125 (Dorchester, MA)",00,Total for all sectors,2012,426,9858.0,127937,505789,Boston,MA,42.316852,-71.05811,-5,1
86,8610000US02126,02126,"ZIP 02126 (Mattapan, MA)",00,Total for all sectors,2012,210,1901.0,14532,58425,Mattapan,MA,42.272098,-71.09426,-5,1
87,8610000US02127,02127,"ZIP 02127 (Boston, MA)",00,Total for all sectors,2012,622,9636.0,138542,526606,Boston,MA,42.33499,-71.04562,-5,1
88,8610000US02128,02128,"ZIP 02128 (Boston, MA)",00,Total for all sectors,2012,698,21593.0,237992,936460,Boston,MA,42.378297,-71.0255,-5,1
89,8610000US02129,02129,"ZIP 02129 (Charlestown, MA)",00,Total for all sectors,2012,453,8548.0,122852,514364,Charlestown,MA,42.378619,-71.06495,-5,1
90,8610000US02130,02130,"ZIP 02130 (Jamaica Plain, MA)",00,Total for all sectors,2012,636,13818.0,306879,825408,Jamaica Plain,MA,42.309998,-71.11171,-5,1
91,8610000US02131,02131,"ZIP 02131 (Roslindale, MA)",00,Total for all sectors,2012,409,5403.0,47344,193886,Roslindale,MA,42.284678,-71.13052,-5,1
92,8610000US02132,02132,"ZIP 02132 (West Roxbury, MA)",00,Total for all sectors,2012,484,5947.0,53922,224599,West Roxbury,MA,42.279432,-71.1598,-5,1
93,8610000US02133,02133,"ZIP 02133 (Boston, MA)",00,Total for all sectors,2012,4,,124,511,Boston,MA,42.338947,-70.919635,-5,1
94,8610000US02134,02134,"ZIP 02134 (Allston, MA)",00,Total for all sectors,2012,535,9726.0,123205,498747,Allston,MA,42.355147,-71.13164,-5,1
95,8610000US02135,02135,"ZIP 02135 (Brighton, MA)",00,Total for all sectors,2012,720,16030.0,203647,794776,Brighton,MA,42.348418,-71.15349,-5,1
96,8610000US02136,02136,"ZIP 02136 (Hyde Park, MA)",00,Total for all sectors,2012,417,4070.0,40494,175193,Hyde Park,MA,42.252198,-71.12593,-5,1
97,8610000US02137,02137,"ZIP 02137 (Readville, MA)",00,Total for all sectors,2012,11,66.0,831,3673,Readville,MA,42.338947,-70.919635,-5,1
98,8610000US02138,02138,"ZIP 02138 (Cambridge, MA)",00,Total for all sectors,2012,1134,48061.0,600135,2599712,Cambridge,MA,42.379146,-71.12803,-5,1
99,8610000US02139,02139,"ZIP 02139 (Cambridge, MA)",00,Total for all sectors,2012,1039,45991.0,1065345,4352243,Cambridge,MA,42.364347,-71.10431,-5,1
100,8610000US02140,02140,"ZIP 02140 (Cambridge, MA)",00,Total for all sectors,2012,486,8214.0,175839,652143,Cambridge,MA,42.393327,-71.12837,-5,1
101,8610000US02141,02141,"ZIP 02141 (Cambridge, MA)",00,Total for all sectors,2012,473,8816.0,131466,532310,Cambridge,MA,42.370519,-71.08443,-5,1
102,8610000US02142,02142,"ZIP 02142 (Cambridge, MA)",00,Total for all sectors,2012,500,16418.0,528530,1827124,Cambridge,MA,42.362297,-71.08412,-5,1
103,8610000US02143,02143,"ZIP 02143 (Somerville, MA)",00,Total for all sectors,2012,582,9830.0,96546,401848,Somerville,MA,42.381929,-71.09908,-5,1
104,8610000US02144,02144,"ZIP 02144 (Somerville, MA)",00,Total for all sectors,2012,415,4389.0,47217,211230,Somerville,MA,42.399546,-71.12165,-5,1
105,8610000US02145,02145,"ZIP 02145 (Somerville, MA)",00,Total for all sectors,2012,327,3797.0,36519,157723,Somerville,MA,42.390846,-71.09225,-5,1
106,8610000US02148,02148,"ZIP 02148 (Malden, MA)",00,Total for all sectors,2012,937,12405.0,115539,458250,Malden,MA,42.428549,-71.06059,-5,1
107,8610000US02149,02149,"ZIP 02149 (Everett, MA)",00,Total for all sectors,2012,703,10763.0,132658,527538,Everett,MA,42.409916,-71.0522,-5,1
108,8610000US02150,02150,"ZIP 02150 (Chelsea, MA)",00,Total for all sectors,2012,658,12241.0,110132,473156,Chelsea,MA,42.396382,-71.03352,-5,1
109,8610000US02151,02151,"ZIP 02151 (Revere, MA)",00,Total for all sectors,2012,703,6862.0,47166,197854,Revere,MA,42.416247,-71.00525,-5,1
110,8610000US02152,02152,"ZIP 02152 (Winthrop, MA)",00,Total for all sectors,2012,253,1559.0,9936,45003,Winthrop,MA,42.373047,-70.97803,-5,1
111,8610000US02153,02153,"ZIP 02153 (Medford, MA)",00,Total for all sectors,2012,6,67.0,367,1637,Medford,MA,42.446396,-71.459405,-5,1
112,8610000US02155,02155,"ZIP 02155 (Medford, MA)",00,Total for all sectors,2012,1123,17296.0,210026,830557,Medford,MA,42.419846,-71.10942,-5,1
113,8610000US02156,02156,"ZIP 02156 (West Medford, MA)",00,Total for all sectors,2012,3,,D,D,West Medford,MA,42.446396,-71.459405,-5,1
114,8610000US02163,02163,"ZIP 02163 (Boston, MA)",00,Total for all sectors,2012,29,324.0,2782,12293,Boston,MA,42.367946,-71.12056,-5,1
115,8610000US02169,02169,"ZIP 02169 (Quincy, MA)",00,Total for all sectors,2012,1494,28709.0,373649,1487911,Quincy,MA,42.250739,-70.99593,-5,1
116,8610000US02170,02170,"ZIP 02170 (Quincy, MA)",00,Total for all sectors,2012,237,16481.0,63638,268433,Quincy,MA,42.267049,-71.01834,-5,1
117,8610000US02171,02171,"ZIP 02171 (Quincy, MA)",00,Total for all sectors,2012,364,10891.0,240519,786104,Quincy,MA,42.284498,-71.02316,-5,1
118,8610000US02176,02176,"ZIP 02176 (Melrose, MA)",00,Total for all sectors,2012,484,5342.0,51121,218831,Melrose,MA,42.459045,-71.06233,-5,1
119,8610000US02180,02180,"ZIP 02180 (Stoneham, MA)",00,Total for all sectors,2012,607,7090.0,65478,281318,Stoneham,MA,42.480145,-71.09835,-5,1
120,8610000US02184,02184,"ZIP 02184 (Braintree, MA)",00,Total for all sectors,2012,1479,28449.0,346815,1385806,Braintree,MA,42.209555,-70.99968,-5,1
121,8610000US02185,02185,"ZIP 02185 (Braintree, MA)",00,Total for all sectors,2012,10,,D,D,Braintree,MA,42.180048,-71.08923,-5,1
122,8610000US02186,02186,"ZIP 02186 (Milton, MA)",00,Total for all sectors,2012,410,4517.0,38065,167396,Milton,MA,42.253074,-71.07496,-5,1
123,8610000US02187,02187,"ZIP 02187 (Milton Village, MA)",00,Total for all sectors,2012,8,32.0,365,1519,Milton Village,MA,42.180048,-71.08923,-5,1
124,8610000US02188,02188,"ZIP 02188 (Weymouth, MA)",00,Total for all sectors,2012,299,3343.0,24696,104948,Weymouth,MA,42.212866,-70.95872,-5,1
125,8610000US02189,02189,"ZIP 02189 (East Weymouth, MA)",00,Total for all sectors,2012,405,5488.0,77046,321506,Weymouth,MA,42.2112,-70.93111,-5,1
126,8610000US02190,02190,"ZIP 02190 (South Weymouth, MA)",00,Total for all sectors,2012,364,7131.0,87797,382358,Weymouth,MA,42.1711,-70.94597,-5,1
127,8610000US02191,02191,"ZIP 02191 (North Weymouth, MA)",00,Total for all sectors,2012,123,1003.0,6974,29557,Weymouth,MA,42.242749,-70.94434,-5,1
128,8610000US02196,02196,"ZIP 02196 (Boston, MA)",00,Total for all sectors,2012,2,,D,D,Boston,MA,42.338947,-70.919635,-5,1
129,8610000US02199,02199,"ZIP 02199 (Boston, MA)",00,Total for all sectors,2012,258,20658.0,706781,2230111,Boston,MA,42.34713,-71.08234,-5,1
130,8610000US02201,02201,"ZIP 02201 (Boston, MA)",00,Total for all sectors,2012,5,,D,D,Boston,MA,42.338947,-70.919635,-5,1
131,8610000US02203,02203,"ZIP 02203 (Boston, MA)",00,Total for all sectors,2012,9,50.0,511,1917,Boston,MA,42.361485,-71.060364,-5,1
132,8610000US02205,02205,"ZIP 02205 (Boston, MA)",00,Total for all sectors,2012,20,536.0,3879,16690,Boston,MA,42.350334,-71.053877,-5,1
133,8610000US02210,02210,"ZIP 02210 (Boston, MA)",00,Total for all sectors,2012,830,29459.0,693498,2823057,Boston,MA,42.347974,-71.04463,-5,1
134,8610000US02211,02211,"ZIP 02211 (Boston, MA)",00,Total for all sectors,2012,1,,D,D,Boston,MA,42.338947,-70.919635,-5,1
135,8610000US02212,02212,"ZIP 02212 (Boston, MA)",00,Total for all sectors,2012,1,,D,D,Boston,MA,42.446396,-71.459405,-5,1
136,8610000US02215,02215,"ZIP 02215 (Boston, MA)",00,Total for all sectors,2012,579,52247.0,710259,2997727,Boston,MA,42.346997,-71.10215,-5,1
137,8610000US02217,02217,"ZIP 02217 (Boston, MA)",00,Total for all sectors,2012,3,,D,D,Boston,MA,42.338947,-70.919635,-5,1
138,8610000US02222,02222,"ZIP 02222 (Boston, MA)",00,Total for all sectors,2012,5,,151,508,Boston,MA,42.367797,-71.06282,-5,1
139,8610000US02238,02238,"ZIP 02238 (Cambridge, MA)",00,Total for all sectors,2012,22,,D,D,Cambridge,MA,42.446396,-71.459405,-5,1
140,8610000US02269,02269,"ZIP 02269 (Quincy, MA)",00,Total for all sectors,2012,22,1218.0,21334,82658,Quincy,MA,42.180048,-71.08923,-5,1
141,8610000US02283,02283,"ZIP 02283 (Boston, MA)",00,Total for all sectors,2012,4,,D,D,Boston,MA,42.338947,-70.919635,-5,1
142,8610000US02297,02297,"ZIP 02297 (Boston, MA)",00,Total for all sectors,2012,1,,D,D,Boston,MA,42.338947,-70.919635,-5,1
143,8610000US02301,02301,"ZIP 02301 (Brockton, MA)",00,Total for all sectors,2012,1324,24008.0,233013,963906,Brockton,MA,42.0794,-71.03441,-5,1
144,8610000US02302,02302,"ZIP 02302 (Brockton, MA)",00,Total for all sectors,2012,358,6316.0,69059,289967,Brockton,MA,42.08715,-71.00222,-5,1
145,8610000US02303,02303,"ZIP 02303 (Brockton, MA)",00,Total for all sectors,2012,14,382.0,3971,18697,Brockton,MA,41.970474,-70.701357,-5,1
146,8610000US02304,02304,"ZIP 02304 (Brockton, MA)",00,Total for all sectors,2012,3,,D,D,Brockton,MA,41.970474,-70.701357,-5,1
147,8610000US02305,02305,"ZIP 02305 (Brockton, MA)",00,Total for all sectors,2012,5,,D,D,Brockton,MA,41.970474,-70.701357,-5,1
148,8610000US02322,02322,"ZIP 02322 (Avon, MA)",00,Total for all sectors,2012,229,4700.0,57616,243757,Avon,MA,42.121932,-71.04522,-5,1
149,8610000US02339,02339,"ZIP 02339 (Hanover, MA)",00,Total for all sectors,2012,615,7017.0,57631,245558,Hanover,MA,42.12867,-70.85913,-5,1
150,8610000US02343,02343,"ZIP 02343 (Holbrook, MA)",00,Total for all sectors,2012,247,2376.0,22613,105842,Holbrook,MA,42.148351,-71.01037,-5,1
151,8610000US02351,02351,"ZIP 02351 (Abington, MA)",00,Total for all sectors,2012,322,3738.0,28589,126808,Abington,MA,42.119534,-70.94787,-5,1
152,8610000US02368,02368,"ZIP 02368 (Randolph, MA)",00,Total for all sectors,2012,583,7909.0,74477,319818,Randolph,MA,42.173417,-71.04912,-5,1
153,8610000US02370,02370,"ZIP 02370 (Rockland, MA)",00,Total for all sectors,2012,465,6623.0,90116,431715,Rockland,MA,42.129513,-70.91189,-5,1
154,8610000US02382,02382,"ZIP 02382 (Whitman, MA)",00,Total for all sectors,2012,227,2241.0,15867,73535,Whitman,MA,42.08235,-70.93734,-5,1
155,8610000US02420,02420,"ZIP 02420 (Lexington, MA)",00,Total for all sectors,2012,492,4647.0,63672,249713,Lexington,MA,42.452895,-71.21619,-5,1
156,8610000US02421,02421,"ZIP 02421 (Lexington, MA)",00,Total for all sectors,2012,562,12321.0,386816,1406798,Lexington,MA,42.439295,-71.23553,-5,1
157,8610000US02445,02445,"ZIP 02445 (Brookline, MA)",00,Total for all sectors,2012,479,5148.0,57458,255028,Brookline,MA,42.324397,-71.13933,-5,1
158,8610000US02446,02446,"ZIP 02446 (Brookline, MA)",00,Total for all sectors,2012,723,7090.0,59807,253544,Brookline,MA,42.344747,-71.12141,-5,1
159,8610000US02447,02447,"ZIP 02447 (Brookline Village, MA)",00,Total for all sectors,2012,9,,S,1118,Brookline Village,MA,42.180048,-71.08923,-5,1
160,8610000US02451,02451,"ZIP 02451 (Waltham, MA)",00,Total for all sectors,2012,1274,41089.0,945596,3689142,Waltham,MA,42.393029,-71.24771,-5,1
161,8610000US02452,02452,"ZIP 02452 (Waltham, MA)",00,Total for all sectors,2012,412,7000.0,72311,310022,Waltham,MA,42.392496,-71.22153,-5,1
162,8610000US02453,02453,"ZIP 02453 (Waltham, MA)",00,Total for all sectors,2012,788,16706.0,264791,1026533,Waltham,MA,42.370446,-71.23563,-5,1
163,8610000US02454,02454,"ZIP 02454 (Waltham, MA)",00,Total for all sectors,2012,39,1009.0,32953,118318,Waltham,MA,42.356719,-71.250479,-5,1
164,8610000US02456,02456,"ZIP 02456 (New Town, MA)",00,Total for all sectors,2012,2,,D,D,New Town,MA,42.446396,-71.459405,-5,1
165,8610000US02457,02457,"ZIP 02457 (Babson Park, MA)",00,Total for all sectors,2012,18,,D,D,Babson Park,MA,42.180048,-71.08923,-5,1
166,8610000US02458,02458,"ZIP 02458 (Newton, MA)",00,Total for all sectors,2012,506,10767.0,120760,626221,Newton,MA,42.354727,-71.18809,-5,1
167,8610000US02459,02459,"ZIP 02459 (Newton Center, MA)",00,Total for all sectors,2012,699,10167.0,142218,610815,Newton Center,MA,42.321197,-71.193,-5,1
168,8610000US02460,02460,"ZIP 02460 (Newtonville, MA)",00,Total for all sectors,2012,270,2066.0,21172,86663,Newtonville,MA,42.352996,-71.20907,-5,1
169,8610000US02461,02461,"ZIP 02461 (Newton Highlands, MA)",00,Total for all sectors,2012,258,2335.0,32772,143588,Newton Highlands,MA,42.31883,-71.20822,-5,1
170,8610000US02462,02462,"ZIP 02462 (Newton Lower Falls, MA)",00,Total for all sectors,2012,131,5369.0,107803,429028,Newton Lower Falls,MA,42.331646,-71.25761,-5,1
171,8610000US02464,02464,"ZIP 02464 (Newton Upper Falls, MA)",00,Total for all sectors,2012,268,4944.0,78741,319133,Newton Upper Falls,MA,42.311997,-71.22046,-5,1
172,8610000US02465,02465,"ZIP 02465 (West Newton, MA)",00,Total for all sectors,2012,296,2579.0,26096,116343,West Newton,MA,42.351046,-71.22677,-5,1
173,8610000US02466,02466,"ZIP 02466 (Auburndale, MA)",00,Total for all sectors,2012,290,5346.0,90577,383252,Auburndale,MA,42.345833,-71.24735,-5,1
174,8610000US02467,02467,"ZIP 02467 (Chestnut Hill, MA)",00,Total for all sectors,2012,468,6183.0,59059,267360,Chestnut Hill,MA,42.321997,-71.17314,-5,1
175,8610000US02468,02468,"ZIP 02468 (Waban, MA)",00,Total for all sectors,2012,96,492.0,4986,22137,Waban,MA,42.325247,-71.2319,-5,1
176,8610000US02471,02471,"ZIP 02471 (Watertown, MA)",00,Total for all sectors,2012,19,910.0,12091,56633,Watertown,MA,42.446396,-71.459405,-5,1
177,8610000US02472,02472,"ZIP 02472 (Watertown, MA)",00,Total for all sectors,2012,1003,20554.0,346920,1351211,Watertown,MA,42.371296,-71.18196,-5,1
178,8610000US02474,02474,"ZIP 02474 (Arlington, MA)",00,Total for all sectors,2012,458,3132.0,25470,110481,Arlington,MA,42.419496,-71.15635,-5,1
179,8610000US02475,02475,"ZIP 02475 (Arlington Heights, MA)",00,Total for all sectors,2012,3,17.0,167,665,Arlington Heights,MA,42.446396,-71.459405,-5,1
180,8610000US02476,02476,"ZIP 02476 (Arlington, MA)",00,Total for all sectors,2012,414,3544.0,34985,146562,Arlington,MA,42.416745,-71.17761,-5,1
181,8610000US02478,02478,"ZIP 02478 (Belmont, MA)",00,Total for all sectors,2012,559,6080.0,61594,270544,Belmont,MA,42.391546,-71.17471,-5,1
182,8610000US02479,02479,"ZIP 02479 (Waverley, MA)",00,Total for all sectors,2012,3,,D,D,Waverley,MA,42.446396,-71.459405,-5,1
183,8610000US02481,02481,"ZIP 02481 (Wellesley Hills, MA)",00,Total for all sectors,2012,713,12186.0,313680,1045319,Wellesley Hills,MA,42.313329,-71.27649,-5,1
184,8610000US02482,02482,"ZIP 02482 (Wellesley, MA)",00,Total for all sectors,2012,466,4227.0,47770,201996,Wellesley,MA,42.300096,-71.30336,-5,1
185,8610000US02492,02492,"ZIP 02492 (Needham, MA)",00,Total for all sectors,2012,525,5989.0,63709,283827,Needham,MA,42.278247,-71.23388,-5,1
186,8610000US02493,02493,"ZIP 02493 (Weston, MA)",00,Total for all sectors,2012,312,6669.0,363387,912176,Weston,MA,42.358663,-71.28831,-5,1
187,8610000US02494,02494,"ZIP 02494 (Needham Heights, MA)",00,Total for all sectors,2012,669,11855.0,223179,1151705,Needham,MA,42.29813,-71.23154,-5,1
188,8610000US02495,02495,"ZIP 02495 (Nonantum, MA)",00,Total for all sectors,2012,1,,D,D,Nonantum,MA,42.446396,-71.459405,-5,1
