,start_day,seq_id,hubway_id,duration,strt_statn,end_statn,birth_date,riderateBoston
0,2011-07-28,90100,105034,866332,12776.0,13034.0,446298.0,424.0
1,2011-07-29,371180,413017,1299681,16445.0,16432.0,384902.0,536.0
2,2011-07-30,1088400,1207726,3415695,24625.0,24823.0,203583.0,800.0
3,2011-07-31,2279848,2516194,4731046,31787.0,31865.0,203555.0,1007.0
4,2011-08-01,2491262,2744640,2416795,24020.0,23898.0,491515.0,788.0
5,2011-08-02,2568646,2821393,1430530,20009.0,19826.0,601842.0,661.0
6,2011-08-03,4251065,4655334,2678996,28870.0,29358.0,623377.0,910.0
7,2011-08-04,6669864,7277744,3104575,37464.0,37879.0,811292.0,1168.0
8,2011-08-05,11461821,12533920,5806477,52831.0,53422.0,1150822.0,1614.0
9,2011-08-06,14133499,15498355,17605251,55227.0,55026.0,577291.0,1621.0
10,2011-08-07,5624568,6170778,2344077,19030.0,19171.0,253333.0,573.0
11,2011-08-08,9993375,10963138,3387434,30365.0,30078.0,845163.0,945.0
12,2011-08-09,11198543,12296563,2173625,30025.0,30992.0,1057690.0,971.0
13,2011-08-10,13301410,14603829,2102387,34812.0,34631.0,1102166.0,1060.0
14,2011-08-11,19666679,21577348,4189929,45528.0,45346.0,1368250.0,1426.0
15,2011-08-12,22657785,24885228,14609743,48664.0,48084.0,1248366.0,1486.0
16,2011-08-13,29372733,32336732,7009495,59762.0,59634.0,780881.0,1742.0
17,2011-08-14,19696677,21734522,2903734,37206.0,36011.0,504441.0,1078.0
18,2011-08-15,2756991,3041601,227562,4285.0,4401.0,203493.0,146.0
19,2011-08-16,19855830,21936147,2613401,32500.0,32692.0,1096425.0,1020.0
20,2011-08-17,30982380,34271569,3802179,47657.0,47329.0,1463489.0,1495.0
21,2011-08-18,32712384,36164255,3436737,46943.0,47177.0,1443720.0,1473.0
22,2011-08-19,26180674,28945537,3122083,35776.0,36083.0,1036840.0,1114.0
23,2011-08-20,40569491,44926377,5559846,54331.0,53451.0,710166.0,1631.0
24,2011-08-21,38165340,42429199,15765502,48292.0,48636.0,623191.0,1445.0
25,2011-08-22,38568915,42960746,24823205,45846.0,45609.0,1409834.0,1386.0
26,2011-08-23,45738861,50882107,4115409,50191.0,50351.0,1718776.0,1561.0
27,2011-08-24,48143940,53437845,3659773,51720.0,51561.0,1691635.0,1560.0
28,2011-08-25,37147354,41166545,2715609,38746.0,37447.0,1357950.0,1153.0
29,2011-08-26,50111001,55481864,5679313,50258.0,50966.0,1438358.0,1494.0
30,2011-08-27,22988012,25445847,2563504,23816.0,22742.0,498691.0,664.0
31,2011-08-28,1398911,1548444,28886,1487.0,1294.0,73296.0,40.0
32,2011-08-29,52264201,57820413,12401494,48113.0,48121.0,1691844.0,1463.0
33,2011-08-30,55694388,61565825,2834854,48183.0,48605.0,1891277.0,1497.0
34,2011-08-31,55491450,61297813,3898247,47126.0,46773.0,1811963.0,1435.0
35,2011-09-02,56775228,65448563,3764784,46864.0,47034.0,1387204.0,1416.0
36,2011-09-03,61399815,70702275,4923618,48694.0,48423.0,654665.0,1478.0
37,2011-09-04,69149820,79585479,6353996,55985.0,55600.0,605534.0,1605.0
38,2011-09-05,72726900,83654860,5112210,53509.0,53391.0,725754.0,1627.0
39,2011-09-06,24999429,28741495,1273598,17284.0,17749.0,651872.0,546.0
40,2011-09-07,17296191,19876006,323311,11831.0,11555.0,590516.0,374.0
41,2011-09-08,31900209,36639997,1035141,22242.0,22761.0,930188.0,682.0
42,2011-09-09,68640355,78746987,3240609,47199.0,46200.0,1682094.0,1435.0
43,2011-09-10,83277441,95427283,12812083,57254.0,57690.0,927084.0,1686.0
44,2011-09-11,91993664,105365584,4912463,60908.0,60026.0,955734.0,1799.0
45,2011-09-12,76074873,87042717,2314780,45591.0,45816.0,1859449.0,1442.0
46,2011-09-13,82056042,93808528,10880278,49070.0,49274.0,1840279.0,1513.0
47,2011-09-14,79940980,91315417,2031750,46786.0,46834.0,1915539.0,1435.0
48,2011-09-15,76912354,87754847,1239565,43526.0,43376.0,1891505.0,1347.0
49,2011-09-16,95319421,108595076,3021868,51763.0,51668.0,2020450.0,1627.0
50,2011-09-17,88033082,100228372,6285489,50366.0,49179.0,927899.0,1464.0
51,2011-09-18,81521384,92774155,3359278,44023.0,44266.0,884307.0,1325.0
52,2011-09-19,92561204,105320941,8930189,48120.0,48274.0,1881469.0,1471.0
53,2011-09-20,73027236,83025546,1796984,36964.0,36242.0,1710430.0,1137.0
54,2011-09-21,105817639,120216187,3839025,51741.0,51771.0,2195627.0,1613.0
55,2011-09-22,77572683,88056879,2761490,36872.0,37243.0,1698893.0,1158.0
56,2011-09-23,65668250,74490350,3104247,31670.0,30712.0,1368230.0,965.0
57,2011-09-24,87912528,99694115,3845255,44557.0,45081.0,1046235.0,1271.0
58,2011-09-25,97992915,111172181,3608612,48484.0,49295.0,986588.0,1390.0
59,2011-09-26,114025032,129355801,3261095,52303.0,52352.0,2117035.0,1584.0
60,2011-09-27,124124163,140745511,3930263,55645.0,56137.0,2258845.0,1686.0
61,2011-09-28,122780049,139187757,2639005,53612.0,53813.0,2405517.0,1631.0
62,2011-09-29,72586938,82277958,1135576,31945.0,31173.0,1481908.0,948.0
63,2011-09-30,134779975,152749117,15361800,59212.0,59112.0,2163308.0,1730.0
64,2011-10-01,83501847,94623353,14373499,38173.0,37247.0,881141.0,1053.0
65,2011-10-02,82427301,93412878,2409807,35892.0,36007.0,948093.0,1026.0
66,2011-10-03,102091934,115675286,1917049,42256.0,42435.0,1757604.0,1253.0
67,2011-10-04,83435595,94512095,1415410,33566.0,33462.0,1582135.0,1010.0
68,2011-10-05,110076561,124659600,1732266,43249.0,43261.0,2084767.0,1314.0
69,2011-10-06,108801162,123163025,1544836,42761.0,42791.0,2059230.0,1279.0
70,2011-10-07,140071023,158461734,2576831,54306.0,55371.0,2196907.0,1619.0
71,2011-10-08,165316599,186980670,6263906,67207.0,68072.0,1131289.0,1873.0
72,2011-10-09,191898075,217080852,12894838,77302.0,76487.0,1081766.0,2126.0
73,2011-10-10,167123478,189071278,4313964,63865.0,64266.0,1585274.0,1812.0
74,2011-10-11,152668750,172641458,2216027,54207.0,53731.0,2411464.0,1625.0
75,2011-10-12,133070543,150363073,1718602,46148.0,45606.0,2231207.0,1394.0
76,2011-10-13,58454457,66034287,1070370,19708.0,19783.0,992212.0,606.0
77,2011-10-14,75778950,85594469,1535357,26553.0,26716.0,1175213.0,780.0
78,2011-10-15,139320627,157368908,4015919,50944.0,51170.0,1102338.0,1418.0
79,2011-10-16,137618031,155476314,4062807,48985.0,48360.0,1137874.0,1381.0
80,2011-10-17,144103717,162774847,1536843,47887.0,47828.0,2173958.0,1426.0
81,2011-10-18,149543123,168828220,1974414,48416.0,49158.0,2261856.0,1459.0
82,2011-10-19,45516460,51375673,488172,14807.0,14372.0,740537.0,440.0
83,2011-10-20,131203739,148063736,1277298,43145.0,43541.0,1953735.0,1258.0
84,2011-10-21,172035726,194054470,2866008,56165.0,55848.0,2178173.0,1627.0
85,2011-10-22,160736149,181300142,4774801,52024.0,51565.0,1214525.0,1498.0
86,2011-10-23,130925660,147678406,4801561,41741.0,41516.0,1003232.0,1205.0
87,2011-10-24,141438726,159481895,5945681,43672.0,43625.0,1985533.0,1287.0
88,2011-10-25,143766084,162034564,1554590,43377.0,43559.0,2091475.0,1293.0
89,2011-10-26,95758633,107901445,695560,28844.0,28786.0,1444290.0,853.0
90,2011-10-27,23912222,26942999,147665,7664.0,7286.0,365772.0,212.0
91,2011-10-28,112146666,126354675,1116579,34297.0,33406.0,1604320.0,989.0
92,2011-10-29,35467684,39959882,610978,10896.0,11137.0,328389.0,311.0
93,2011-10-30,24804836,27946985,546200,7385.0,7629.0,294899.0,217.0
94,2011-10-31,111108300,125170770,1543085,33078.0,33343.0,1591454.0,967.0
95,2011-11-01,127759819,143909741,1150432,37920.0,37935.0,1760027.0,1102.0
96,2011-11-02,129209400,145502140,1070016,36927.0,37461.0,1772713.0,1104.0
97,2011-11-03,138620448,156066837,1137259,40361.0,40206.0,1866204.0,1173.0
98,2011-11-04,132802047,149468504,3381304,38304.0,38394.0,1714773.0,1113.0
99,2011-11-05,97065153,109227082,4908817,29438.0,29619.0,727867.0,807.0
100,2011-11-06,105372225,118555072,3031986,31645.0,31970.0,696482.0,870.0
101,2011-11-07,152476272,171523144,1914432,43104.0,43617.0,1889892.0,1248.0
102,2011-11-08,167436846,188321018,4101203,46986.0,47168.0,2075844.0,1356.0
103,2011-11-09,177436007,199530841,1529700,49028.0,49245.0,2255532.0,1421.0
104,2011-11-10,81710398,91870737,825970,22473.0,22098.0,1054938.0,649.0
105,2011-11-11,119094710,133900447,1373137,32224.0,32867.0,1478560.0,940.0
106,2011-11-12,115623267,130029642,2004476,33288.0,33301.0,763523.0,906.0
107,2011-11-13,113993692,128252030,3804456,31716.0,31916.0,765824.0,887.0
108,2011-11-14,147793730,166396445,1684455,38947.0,38930.0,1877712.0,1141.0
109,2011-11-15,166165456,187081856,1199720,43732.0,43571.0,2065592.0,1271.0
110,2011-11-16,86262845,97085462,552433,22659.0,22735.0,1079814.0,655.0
111,2011-11-17,97840644,110080939,473705,25912.0,24973.0,1265857.0,739.0
112,2011-11-18,119359296,134244339,541048,30979.0,30673.0,1514587.0,896.0
113,2011-11-19,91121020,102461828,1091431,23753.0,24280.0,755885.0,680.0
114,2011-11-20,134570819,151279521,1882988,37208.0,37150.0,872826.0,998.0
115,2011-11-21,120711976,135655245,1307355,31649.0,30931.0,1450823.0,889.0
116,2011-11-22,110810174,124478558,1341127,27692.0,26752.0,1368958.0,811.0
117,2011-11-23,28388601,31882037,137320,6952.0,6561.0,343410.0,207.0
118,2011-11-24,32418022,36406275,441611,8877.0,9202.0,126194.0,236.0
119,2011-11-25,68176350,76556949,1096728,17548.0,17772.0,375083.0,495.0
120,2011-11-26,80195150,90041328,1316391,21249.0,21787.0,404851.0,580.0
121,2011-11-27,62035107,69636764,1799301,15149.0,15759.0,379195.0,447.0
122,2011-11-28,85118410,95530116,588757,19316.0,18928.0,1038059.0,611.0
123,2011-11-29,76098800,85394415,502898,16139.0,16256.0,924967.0,544.0
124,2011-11-30,50803261,56996108,345141,10980.0,10898.0,627376.0,362.0
125,2012-03-13,140522,157655,189,29.0,18.0,1988.0,1.0
126,2012-03-15,48962382,54945095,679850,10835.0,11167.0,620355.0,348.0
127,2012-03-16,40047550,44957742,200760,8856.0,9108.0,477924.0,284.0
128,2012-03-17,70135640,78752528,918633,16645.0,17148.0,484435.0,496.0
129,2012-03-18,151853046,170613710,2727734,37616.0,37088.0,702074.0,1068.0
130,2012-03-19,97136382,109197819,992114,21263.0,21012.0,1005081.0,679.0
131,2012-03-20,124557213,140103661,1075043,27777.0,27315.0,1275775.0,866.0
132,2012-03-21,164528584,185233888,1292261,37352.0,37120.0,1740154.0,1136.0
133,2012-03-22,200282535,225726584,1693557,45279.0,45350.0,1796372.0,1371.0
134,2012-03-23,231963784,261689509,2670440,52535.0,53276.0,2048397.0,1572.0
135,2012-03-24,157359136,177585539,2457145,37125.0,35217.0,1017353.0,1057.0
136,2012-03-25,72572975,81937650,849057,17626.0,17963.0,689119.0,485.0
137,2012-03-26,114950445,129806594,501282,25115.0,24670.0,1377266.0,765.0
138,2012-03-27,120233560,135825001,480126,26703.0,26488.0,1399814.0,796.0
139,2012-03-28,127567020,144193425,632196,27412.0,27509.0,1406887.0,840.0
140,2012-03-29,140679066,159085369,1894241,31485.0,30772.0,1632288.0,921.0
141,2012-03-30,171909829,194468508,1146263,38113.0,38617.0,1831148.0,1118.0
142,2012-03-31,99437378,112514115,4399981,22832.0,22077.0,809981.0,643.0
143,2012-04-01,120867357,136820447,1270712,28264.0,28226.0,925787.0,778.0
144,2012-04-02,156558993,177296465,900938,34002.0,34248.0,1736710.0,1002.0
145,2012-04-03,212520375,240753697,1414737,45522.0,45161.0,2230725.0,1350.0
146,2012-04-04,226782822,257000015,1067905,48950.0,48946.0,2352908.0,1428.0
147,2012-04-05,217235946,246352308,1357695,47648.0,46527.0,2308449.0,1356.0
148,2012-04-06,230596065,261670170,3077868,50175.0,50701.0,2098672.0,1427.0
149,2012-04-07,164278317,186450908,2071136,38895.0,36865.0,1094020.0,1009.0
150,2012-04-08,137211187,155754160,1022960,29836.0,30009.0,902295.0,838.0
151,2012-04-09,203163876,230626935,3864101,42861.0,42616.0,2051072.0,1233.0
152,2012-04-10,253213362,287561235,1148259,52845.0,52192.0,2578763.0,1524.0
153,2012-04-11,244758050,278094202,1114740,49402.0,50302.0,2528722.0,1460.0
154,2012-04-12,156341673,177656096,565404,31987.0,30918.0,1657724.0,926.0
155,2012-04-13,290962485,330710307,5253985,58238.0,57784.0,2581772.0,1710.0
156,2012-04-14,395617935,450195914,3854965,84261.0,84311.0,1908717.0,2298.0
157,2012-04-15,391242994,445668418,4358920,82276.0,81959.0,1645101.0,2243.0
158,2012-04-16,358424945,408604842,3844014,70766.0,70734.0,2223302.0,2030.0
159,2012-04-17,353208493,403002024,2758337,70314.0,69940.0,2780180.0,1978.0
160,2012-04-18,295275512,337034024,2447597,55187.0,55033.0,2694853.0,1637.0
161,2012-04-19,359626281,410464524,2082629,68973.0,68751.0,2941724.0,1974.0
162,2012-04-20,373522110,426509538,2243720,72458.0,71353.0,2892537.0,2028.0
163,2012-04-21,404043489,461552197,3743794,80532.0,78938.0,1872655.0,2169.0
164,2012-04-22,96062208,109762353,840114,18842.0,18808.0,590029.0,512.0
165,2012-04-23,133079317,152085152,451202,24827.0,24487.0,1227709.0,707.0
166,2012-04-24,293317091,335228785,1058564,55568.0,55759.0,2626687.0,1549.0
167,2012-04-25,310670769,355082643,1503108,57160.0,57220.0,2638178.0,1627.0
168,2012-04-26,316218823,361332031,1230514,59102.0,57691.0,2640178.0,1642.0
169,2012-04-27,282264293,322503726,1814685,50070.0,50279.0,2317134.0,1454.0
170,2012-04-28,268676769,306983717,1874722,49907.0,49691.0,1541080.0,1374.0
171,2012-04-29,300216570,343070336,2139526,56200.0,56825.0,1434251.0,1524.0
172,2012-04-30,338226018,386527649,1402189,60577.0,59131.0,2741667.0,1703.0
173,2012-05-01,101253477,115707912,797632,17911.0,17909.0,889292.0,507.0
174,2012-05-02,306914641,350774683,1266331,53448.0,53933.0,2521252.0,1529.0
175,2012-05-03,245350007,280433070,1036577,42123.0,42331.0,2031505.0,1214.0
176,2012-05-04,301510677,344633323,1281822,53353.0,53158.0,2347585.0,1482.0
177,2012-05-05,287050890,328165456,1769668,52067.0,51551.0,1575042.0,1401.0
178,2012-05-06,261699525,299223664,1988930,48111.0,48191.0,1492650.0,1269.0
179,2012-05-07,386905911,442544510,1969386,66588.0,66284.0,2936520.0,1862.0
180,2012-05-08,179241550,205065620,571413,31301.0,30721.0,1478001.0,857.0
181,2012-05-09,215132672,246141290,1200783,36282.0,36693.0,1742553.0,1024.0
182,2012-05-10,257679250,294851809,857759,43556.0,43248.0,1951872.0,1220.0
183,2012-05-11,417306683,477626841,1698585,69013.0,70121.0,2975817.0,1961.0
184,2012-05-12,470151970,538291917,4706432,84853.0,84349.0,1922843.0,2188.0
185,2012-05-13,395377709,452858607,3404856,69892.0,69070.0,1353495.0,1823.0
186,2012-05-14,310934038,356105999,1079101,51128.0,50287.0,2150286.0,1423.0
187,2012-05-15,298178298,341489855,970037,47752.0,46901.0,2298194.0,1356.0
188,2012-05-16,323769215,370812624,1093186,53753.0,52949.0,2440342.0,1463.0
189,2012-05-17,512655945,587210303,2122339,83312.0,83006.0,3530159.0,2297.0
190,2012-05-18,541053667,619835660,2488485,84652.0,85915.0,3443099.0,2399.0
191,2012-05-19,486581868,557432682,3682287,80190.0,80894.0,1836436.0,2136.0
192,2012-05-20,520258869,596087228,4643502,85605.0,85397.0,1955187.0,2262.0
193,2012-05-21,373881638,428343821,1628106,57680.0,57797.0,2554890.0,1612.0
194,2012-05-22,146592853,167906454,354601,22181.0,22161.0,1110878.0,629.0
195,2012-05-23,478629485,548198245,7343005,73441.0,73814.0,3296977.0,2042.0
196,2012-05-24,497285895,569620216,1857771,73784.0,73898.0,3293512.0,2103.0
197,2012-05-25,520162366,595805675,2159608,77862.0,78234.0,3087496.0,2180.0
198,2012-05-26,498318019,570774986,3463188,78509.0,79402.0,1507110.0,2070.0
199,2012-05-27,615354280,704723456,4884803,95200.0,95430.0,1523109.0,2532.0
200,2012-05-28,568477254,650890371,3839771,87040.0,87957.0,1768703.0,2316.0
201,2012-05-29,511639735,585631563,2553032,73495.0,73227.0,3210562.0,2066.0
202,2012-05-30,538981001,616693686,1754188,75514.0,76658.0,3434879.0,2158.0
203,2012-05-31,611223675,699273113,2456381,86588.0,86101.0,3650005.0,2425.0
204,2012-06-01,579784437,663189687,2553816,79984.0,81629.0,3318561.0,2279.0
205,2012-06-02,91548297,104699495,370858,13222.0,12862.0,455568.0,358.0
206,2012-06-03,271302411,310277728,1011220,40051.0,39489.0,1299687.0,1058.0
207,2012-06-04,170583270,195076533,378113,22958.0,23236.0,1136344.0,663.0
208,2012-06-05,378488610,432870543,967801,51689.0,51008.0,2473944.0,1465.0
209,2012-06-06,523306110,598498338,1568908,71935.0,71865.0,3243147.0,2012.0
210,2012-06-07,561830310,642413675,1947596,77026.0,77045.0,3396049.0,2143.0
211,2012-06-08,496661220,567896320,1818226,67008.0,67760.0,2907632.0,1880.0
212,2012-06-09,557891272,637940934,3161490,79867.0,79712.0,2003398.0,2096.0
213,2012-06-10,561476552,642044133,3835807,79515.0,79296.0,1796665.0,2093.0
214,2012-06-11,603863491,690399439,2165014,80747.0,79500.0,3286974.0,2233.0
215,2012-06-12,639245132,730684550,2034695,84413.0,83409.0,3617434.0,2344.0
216,2012-06-13,201028182,229735683,538971,26176.0,26076.0,1221999.0,733.0
217,2012-06-14,665847585,760794402,3860431,86887.0,86096.0,3731988.0,2414.0
218,2012-06-15,696549858,795661874,2324556,91628.0,90855.0,3657674.0,2503.0
219,2012-06-16,438138597,500347365,2418697,58961.0,58444.0,1679913.0,1563.0
220,2012-06-17,519200661,592789786,2867700,68941.0,69245.0,1746973.0,1841.0
221,2012-06-18,678515574,774453966,2254021,85979.0,87018.0,3575925.0,2388.0
222,2012-06-19,668395168,762632733,1904956,83617.0,82967.0,3740435.0,2333.0
223,2012-06-20,604557693,689604345,1807616,75721.0,75377.0,3214357.0,2094.0
224,2012-06-21,555842300,633922967,1734395,67968.0,68365.0,3029322.0,1912.0
225,2012-06-22,506376354,577383420,2220138,62230.0,62661.0,2577924.0,1731.0
226,2012-06-23,457445235,521435895,2366895,57447.0,57616.0,1408847.0,1555.0
227,2012-06-24,626076090,713446787,3706062,79830.0,80316.0,1763121.0,2115.0
228,2012-06-25,500178501,569799957,1348021,60463.0,58746.0,2706248.0,1679.0
229,2012-06-26,629276530,716694371,2110941,76659.0,75747.0,3197910.0,2099.0
230,2012-06-27,663980925,755946242,1851065,78547.0,78432.0,3319629.0,2199.0
231,2012-06-28,688049916,783104340,2120255,80509.0,81248.0,3530875.0,2262.0
232,2012-06-29,604626906,688051049,2052749,72477.0,73082.0,2841468.0,1974.0
233,2012-06-30,605122232,688498264,2961385,74369.0,74122.0,1741291.0,1963.0
234,2012-07-01,636988416,724645799,2991394,76104.0,76324.0,1617132.0,2053.0
235,2012-07-02,755645746,859346036,2391632,85437.0,85137.0,3492955.0,2418.0
236,2012-07-03,824101481,936792579,3245638,92276.0,91306.0,3597688.0,2616.0
237,2012-07-04,834456042,948335870,5320596,97153.0,97463.0,2052905.0,2627.0
238,2012-07-05,740749581,841911263,2375608,83269.0,83744.0,3133925.0,2314.0
239,2012-07-06,786912608,894159896,2538228,89622.0,89950.0,3025635.0,2440.0
240,2012-07-07,623364553,708273510,3016987,71077.0,70208.0,1593048.0,1920.0
241,2012-07-08,639487375,726458876,2889766,71146.0,72458.0,1644086.0,1958.0
242,2012-07-09,881206148,1000701965,2801038,95925.0,95726.0,3848763.0,2679.0
243,2012-07-10,864746296,981719236,2583311,95042.0,94140.0,3961972.0,2608.0
244,2012-07-11,861819272,978064750,2846576,93740.0,93260.0,3868757.0,2579.0
245,2012-07-12,863062057,979164146,2490834,92197.0,92846.0,3775831.0,2563.0
246,2012-07-13,832172891,943849146,2401399,88343.0,89368.0,3463118.0,2453.0
247,2012-07-14,708292777,803138447,3336037,77210.0,77195.0,1528719.0,2074.0
248,2012-07-15,585497224,663848726,2647264,62260.0,62606.0,1329546.0,1705.0
249,2012-07-16,796158301,902467851,2317565,81138.0,81419.0,3482669.0,2305.0
250,2012-07-17,767636595,869892102,2106837,79436.0,78707.0,3447256.0,2208.0
251,2012-07-18,576123493,652789556,1270789,58772.0,59221.0,2531523.0,1648.0
252,2012-07-19,936696935,1061065233,2709641,95253.0,95842.0,3991023.0,2663.0
253,2012-07-20,902173827,1021797594,2478887,92939.0,93090.0,3550923.0,2546.0
254,2012-07-21,896862620,1015713510,4250677,95613.0,96162.0,1893225.0,2513.0
255,2012-07-22,785613231,889705952,3326847,80679.0,79867.0,1713936.0,2187.0
256,2012-07-23,795124399,900323724,1913185,78264.0,77549.0,3378388.0,2200.0
257,2012-07-24,781734625,885024557,2951673,75583.0,76627.0,3447905.0,2150.0
258,2012-07-25,948957617,1074127048,2862954,88967.0,89356.0,3940896.0,2593.0
259,2012-07-26,801537216,907157696,1936405,75706.0,75641.0,3426932.0,2176.0
260,2012-07-27,770601520,871999623,1877786,74049.0,75395.0,2939664.0,2080.0
261,2012-07-28,557288190,630580039,2395067,56383.0,56368.0,1235860.0,1497.0
262,2012-07-29,612345825,692779308,2283892,62077.0,61469.0,1473762.0,1638.0
263,2012-07-30,1046164145,1183372671,2762100,100698.0,100763.0,4097910.0,2782.0
264,2012-07-31,853666330,965576787,2191256,83287.0,83758.0,3462035.0,2255.0
265,2012-08-01,770166215,871048476,1631845,75085.0,76168.0,3154965.0,2023.0
266,2012-08-02,1038895911,1174854995,2421226,104398.0,104018.0,3836995.0,2712.0
267,2012-08-03,935176134,1057484964,2386582,93896.0,94337.0,3372250.0,2425.0
268,2012-08-04,940670772,1063862289,3852628,105731.0,105913.0,1874527.0,2424.0
269,2012-08-05,811077687,917425427,3388887,90356.0,90994.0,1588513.0,2078.0
270,2012-08-06,1078826563,1220326940,2575730,109148.0,110301.0,3705048.0,2747.0
271,2012-08-07,1179659819,1334418483,3600340,117780.0,118466.0,4081244.0,2982.0
272,2012-08-08,1194953331,1351893112,3168795,120407.0,120790.0,4098064.0,2998.0
273,2012-08-09,1124956767,1272513108,2752031,110993.0,112214.0,3949671.0,2802.0
274,2012-08-10,819106158,926448383,1801894,81411.0,81260.0,2671659.0,2028.0
275,2012-08-11,1004813863,1136559828,3268245,110136.0,109135.0,2093836.0,2474.0
276,2012-08-12,1021591250,1155636956,4382045,111000.0,110160.0,1949482.0,2500.0
277,2012-08-13,1200718974,1358522036,2690047,117937.0,118573.0,4077942.0,2919.0
278,2012-08-14,1314449969,1487362715,3357038,129632.0,130033.0,4460239.0,3172.0
279,2012-08-15,1006664861,1139179473,2767147,99377.0,99258.0,3409011.0,2413.0
280,2012-08-16,1287063995,1456577092,3088609,127684.0,128180.0,4299135.0,3065.0
281,2012-08-17,1264197550,1430517116,2863603,125182.0,124607.0,3995888.0,2989.0
282,2012-08-18,805691501,911698791,2638533,84510.0,84759.0,1687752.0,1894.0
283,2012-08-19,1166781468,1320681268,4090911,122940.0,124661.0,2126964.0,2728.0
284,2012-08-20,1257992307,1424167427,2813369,121820.0,121174.0,4032824.0,2922.0
285,2012-08-21,1395319761,1579532040,2912062,133936.0,133599.0,4452699.0,3218.0
286,2012-08-22,1419699369,1606918292,3185972,133437.0,134220.0,4615549.0,3250.0
287,2012-08-23,1345034148,1522151083,2799700,127873.0,126573.0,4310460.0,3057.0
288,2012-08-24,1369496416,1549745372,2946016,130552.0,130529.0,3966454.0,3091.0
289,2012-08-25,1563589661,1769327896,5745993,157682.0,158979.0,2446771.0,3503.0
290,2012-08-26,1258168479,1423723845,4721533,127318.0,128995.0,1959453.0,2799.0
291,2012-08-27,1267815295,1434531565,2948234,116812.0,117114.0,4060385.0,2803.0
292,2012-08-28,1047544883,1185169742,2319297,97289.0,97904.0,3386275.0,2303.0
293,2012-08-29,1421657562,1608130836,2873620,129335.0,130651.0,4463912.0,3107.0
294,2012-08-30,1398495450,1581646038,2727686,130143.0,130373.0,4305745.0,3036.0
295,2012-08-31,1354222339,1531360877,3058438,125679.0,125440.0,3952182.0,2921.0
296,2012-09-01,1322042576,1494757700,4032384,133579.0,131991.0,1983516.0,2834.0
297,2012-09-02,1434133090,1621422069,5221413,145597.0,144627.0,1617653.0,3055.0
298,2012-09-03,1361001686,1538667302,4237924,132097.0,132861.0,2149906.0,2881.0
299,2012-09-04,739941934,836395138,1257292,66503.0,65594.0,2479287.0,1559.0
300,2012-09-05,1033506810,1168095607,2107926,92504.0,91738.0,3344941.0,2169.0
301,2012-09-06,1522781603,1721032311,3122583,132776.0,134040.0,4784526.0,3178.0
302,2012-09-07,1420152625,1604873172,2569954,125258.0,124184.0,4266286.0,2945.0
303,2012-09-08,1161323525,1312474325,3515396,108953.0,106809.0,2152163.0,2395.0
304,2012-09-09,1241809880,1403598698,3389115,116441.0,117111.0,2305222.0,2548.0
305,2012-09-10,1404062110,1586938479,2379505,124731.0,123914.0,4504282.0,2865.0
306,2012-09-11,1671451797,1889035516,3572901,143593.0,142540.0,5166665.0,3389.0
307,2012-09-12,1692407688,1912574154,3016336,149278.0,146422.0,5125497.0,3408.0
308,2012-09-13,1754198202,1982396170,2955855,156274.0,155993.0,5127269.0,3508.0
309,2012-09-14,1852422861,2093327384,3784251,165693.0,162617.0,5128551.0,3678.0
310,2012-09-15,1496050764,1690690772,3760696,142608.0,142882.0,2657669.0,2951.0
311,2012-09-16,1478168211,1670596355,3792716,142309.0,141914.0,2462102.0,2899.0
312,2012-09-17,1637286924,1850280071,2800220,142405.0,141172.0,4662910.0,3192.0
313,2012-09-18,1418740125,1602941405,2028854,121466.0,120623.0,4383100.0,2750.0
314,2012-09-19,1642201395,1855244412,2717652,139896.0,140326.0,5001608.0,3165.0
315,2012-09-20,1666356468,1882420232,3009715,141175.0,142494.0,5033787.0,3192.0
316,2012-09-21,1673384373,1890164610,2858872,143157.0,141093.0,4741432.0,3186.0
317,2012-09-22,1521398880,1718464933,3786038,140551.0,139811.0,2758922.0,2880.0
318,2012-09-23,1481764815,1673708421,3736366,137454.0,137501.0,2570732.0,2790.0
319,2012-09-24,1622329975,1832482563,2489564,136634.0,134102.0,4904551.0,3038.0
320,2012-09-25,1766233044,1994984526,2766231,146932.0,147655.0,5146956.0,3288.0
321,2012-09-26,1638297236,1850523030,2473682,136201.0,136068.0,4742337.0,3032.0
322,2012-09-27,1838805969,2076914157,2538975,151627.0,152681.0,5407508.0,3383.0
323,2012-09-28,569769786,643466702,828480,46616.0,46717.0,1740962.0,1044.0
324,2012-09-29,967383300,1092446285,2023241,87266.0,85821.0,2252446.0,1768.0
325,2012-09-30,680346460,768302825,1047547,59941.0,60269.0,1563962.0,1240.0
326,2012-10-01,1657882415,1872274213,2418420,157532.0,156165.0,,3010.0
327,2012-10-02,1322844685,1493989757,1788060,129546.0,126721.0,,2390.0
328,2012-10-03,1364768870,1541256286,1747200,133772.0,129847.0,,2455.0
329,2012-10-04,1425081460,1609366136,1754700,136274.0,136865.0,,2552.0
330,2012-10-05,2077147557,2345766705,3805560,205529.0,205448.0,,3699.0
331,2012-10-06,1575757125,1779656661,3894840,163239.0,160105.0,,2790.0
332,2012-10-07,1119592593,1264575486,2561580,113430.0,115884.0,,1974.0
333,2012-10-08,1363032279,1539518941,2524320,131654.0,131277.0,,2394.0
334,2012-10-09,1511457696,1707198133,1789740,142731.0,141948.0,,2643.0
335,2012-10-10,974724165,1101058901,1171620,93849.0,91600.0,,1698.0
336,2012-10-11,1691035839,1910343653,2762640,161658.0,161721.0,,2934.0
337,2012-10-12,1396043741,1577162010,2157540,131771.0,132011.0,,2411.0
338,2012-10-13,1134526800,1281689296,2100120,111301.0,108739.0,,1952.0
339,2012-10-14,845808214,955521446,1443780,79881.0,80445.0,,1451.0
340,2012-10-15,1742512673,1968613560,2373540,164206.0,161387.0,,2978.0
341,2012-10-16,1647038418,1860638024,1980000,153291.0,154021.0,,2801.0
342,2012-10-17,1624682125,1835299532,1946400,150750.0,150605.0,,2750.0
343,2012-10-18,1831598435,2069266798,2634060,172918.0,168716.0,,3085.0
344,2012-10-19,1370532945,1548419931,1646400,127241.0,124571.0,,2298.0
345,2012-10-20,2104767940,2378035964,5561520,203245.0,198569.0,,3512.0
346,2012-10-21,1621686374,1832439403,6404280,160175.0,156082.0,,2692.0
347,2012-10-22,1820620576,2057315111,2714160,164912.0,163685.0,,3008.0
348,2012-10-23,1908947385,2157046518,2653260,171240.0,171805.0,,3138.0
349,2012-10-24,1755761300,1983816616,2530620,158887.0,157908.0,,2872.0
350,2012-10-25,1865604804,2107968477,2423160,170756.0,168965.0,,3037.0
351,2012-10-26,2144740731,2423500173,3164400,196666.0,194759.0,,3473.0
352,2012-10-27,1651453854,1866270935,3489360,157882.0,153979.0,,2661.0
353,2012-10-28,725243955,819567167,1413720,65442.0,65708.0,,1165.0
354,2012-10-29,44866476,50700971,39060,4001.0,3945.0,,72.0
355,2012-10-30,558772032,631455755,905100,49056.0,51170.0,,896.0
356,2012-10-31,1605928332,1814884265,1776600,142026.0,142984.0,,2568.0
357,2012-11-01,1761045190,1990176198,2117340,155791.0,158278.0,,2804.0
358,2012-11-02,1530619101,1729836263,2001060,136993.0,134479.0,,2427.0
359,2012-11-03,1513040885,1709927693,2549460,139211.0,138129.0,,2390.0
360,2012-11-04,1231086399,1391313458,2089200,118475.0,118754.0,,1938.0
361,2012-11-05,1479324165,1671885268,1540380,129549.0,128902.0,,2321.0
362,2012-11-06,1391158275,1572195435,1390560,121263.0,119632.0,,2175.0
363,2012-11-07,747736561,844990079,671640,67941.0,64983.0,,1166.0
364,2012-11-08,520239915,587883416,478200,45227.0,46441.0,,810.0
365,2012-11-09,1431140724,1617154063,1503120,126715.0,125106.0,,2223.0
366,2012-11-10,1463262480,1653499596,2459580,131815.0,132445.0,,2265.0
367,2012-11-11,1488525500,1682048605,2716140,135283.0,132782.0,,2296.0
368,2012-11-12,1701106245,1922124495,2503800,150925.0,150619.0,,2614.0
369,2012-11-13,787129065,889337958,697920,69331.0,69158.0,,1206.0
370,2012-11-14,1406208895,1588729053,1554300,122280.0,124705.0,,2149.0
371,2012-11-15,1294451366,1462433791,1300020,113309.0,111714.0,,1972.0
372,2012-11-16,1444086114,1631466935,2603460,125081.0,125890.0,,2193.0
373,2012-11-17,1147224231,1296060251,2961840,103425.0,101021.0,,1737.0
374,2012-11-18,1023613557,1156431875,1826040,87574.0,86944.0,,1546.0
375,2012-11-19,1210752048,1367888634,1198020,104055.0,103224.0,,1824.0
376,2012-11-20,1272737140,1438065017,1363380,112666.0,110132.0,,1912.0
377,2012-11-21,1045811099,1181648149,1111740,94372.0,94032.0,,1567.0
378,2012-11-22,563631486,636835802,1313940,50155.0,51784.0,,843.0
379,2012-11-23,838401174,947306859,1851300,78152.0,75835.0,,1252.0
380,2012-11-24,509698180,575901905,959280,46331.0,44446.0,,760.0
381,2012-11-25,336314286,379996674,473700,29006.0,29553.0,,501.0
382,2012-11-26,817327712,923490560,822060,70877.0,70168.0,,1216.0
383,2012-11-27,507539643,573454480,430560,45825.0,41872.0,,754.0
384,2012-11-28,568795654,642658525,577020,48583.0,47345.0,,844.0
385,2013-04-02,574234376,648821329,737940,47841.0,47496.0,,851.0
386,2013-04-03,777142975,878153634,845940,64793.0,63381.0,,1150.0
387,2013-04-04,1084120352,1225259146,1851240,91030.0,89912.0,,1601.0
388,2013-04-05,1279037343,1445824894,1741080,105802.0,106437.0,,1884.0
389,2013-04-06,945938990,1069424808,1486020,82495.0,82074.0,,1390.0
390,2013-04-07,891221671,1007646453,1511220,76693.0,75457.0,,1307.0
391,2013-04-08,1614245002,1825449996,2149860,134822.0,135434.0,,2361.0
392,2013-04-09,1707111742,1930687676,2444760,142908.0,142869.0,,2488.0
393,2013-04-10,1529832339,1730442390,1750980,128162.0,127044.0,,2222.0
394,2013-04-11,1455908113,1646901255,2063640,122401.0,121177.0,,2108.0
395,2013-04-12,649266247,734449996,556500,55254.0,54080.0,,938.0
396,2013-04-13,1372713560,1552848859,2362260,118538.0,117278.0,,1979.0
397,2013-04-14,1300009116,1470663994,2574720,109601.0,110631.0,,1869.0
398,2013-04-15,1918452877,2170397194,5208720,157368.0,163592.0,,2749.0
399,2013-04-16,1715456126,1940927269,2237580,144812.0,141846.0,,2449.0
400,2013-04-17,2096904927,2372665783,2986740,172816.0,174375.0,,2982.0
401,2013-04-18,2022300472,2288591379,2665560,166092.0,164602.0,,2864.0
402,2013-04-19,287344673,325205373,470160,22126.0,22670.0,,406.0
403,2013-04-20,1584052327,1792850552,2760420,124926.0,124507.0,,2234.0
404,2013-04-21,1731546383,1959892798,3097860,143637.0,144835.0,,2434.0
405,2013-04-22,1844739564,2088345330,2358900,149275.0,148809.0,,2584.0
406,2013-04-23,777297441,880008043,686880,63001.0,62422.0,,1086.0
407,2013-04-24,2107327212,2385914261,2756400,168904.0,171777.0,,2936.0
408,2013-04-25,2135445952,2418001222,2963520,172383.0,172035.0,,2963.0
409,2013-04-26,2300155361,2604901528,2944380,183482.0,183295.0,,3178.0
410,2013-04-27,2432664603,2755146171,6126120,202081.0,198040.0,,3346.0
411,2013-04-28,2384569425,2701114462,4820220,196053.0,193375.0,,3265.0
412,2013-04-29,2342288934,2653344683,2826900,187809.0,189512.0,,3193.0
413,2013-04-30,2418205497,2739490607,3124740,190412.0,188630.0,,3282.0
414,2013-05-01,2340718053,2651759869,2491980,184243.0,184336.0,,3163.0
415,2013-05-02,2443082472,2767841408,2822760,194409.0,193383.0,,3287.0
416,2013-05-03,2453886841,2780053027,3200760,195670.0,195344.0,,3287.0
417,2013-05-04,2369262140,2684354670,4083660,195102.0,192400.0,,3160.0
418,2013-05-05,2220069129,2515352464,3806220,180625.0,178216.0,,2949.0
419,2013-05-06,2348422843,2660851514,3501480,183845.0,185408.0,,3107.0
420,2013-05-07,2894484002,3279869382,3373440,224573.0,225595.0,,3812.0
421,2013-05-08,2369920176,2685867015,2709060,183022.0,184259.0,,3107.0
422,2013-05-09,1550567697,1757380763,1487820,120004.0,118367.0,,2026.0
423,2013-05-10,3229791147,3660993858,4012020,250328.0,250624.0,,4203.0
424,2013-05-11,1788049753,2026904795,2354880,142072.0,142052.0,,2317.0
425,2013-05-12,1919786600,2176238743,3379140,148963.0,151999.0,,2480.0
426,2013-05-13,2680121328,3038185205,3058380,205440.0,208799.0,,3449.0
427,2013-05-14,2599718922,2946973704,2553540,199990.0,199622.0,,3331.0
428,2013-05-15,2581753203,2926340881,2927640,198549.0,197303.0,,3294.0
429,2013-05-16,3310748794,3752864350,3998820,250099.0,251719.0,,4204.0
430,2013-05-17,3326040926,3770429099,4178760,249690.0,248099.0,,4201.0
431,2013-05-18,2960751327,3356150569,4556580,233494.0,232969.0,,3721.0
432,2013-05-19,2201838678,2495683196,3534120,168385.0,168630.0,,2756.0
433,2013-05-20,2624749732,2974764385,2962080,196453.0,195174.0,,3273.0
434,2013-05-21,2733905118,3098264196,3053100,206392.0,203143.0,,3395.0
435,2013-05-22,2672502320,3028595082,2694360,202859.0,200782.0,,3305.0
436,2013-05-23,2717596650,3079740748,2941560,198257.0,198960.0,,3347.0
437,2013-05-24,1694500080,1920338447,1557240,128205.0,124647.0,,2080.0
438,2013-05-25,678194889,768556993,749760,52024.0,50807.0,,831.0
439,2013-05-26,1533578416,1737850429,2223420,114190.0,115608.0,,1876.0
440,2013-05-27,2927275949,3317107944,5225040,220269.0,221829.0,,3569.0
441,2013-05-28,3437175115,3894658927,3804900,252130.0,254629.0,,4171.0
442,2013-05-29,2268235061,2570005825,2463360,161184.0,165626.0,,2741.0
443,2013-05-30,3194479830,3619558099,3284040,233596.0,232705.0,,3845.0
444,2013-05-31,3376600155,3825933362,3972000,241690.0,241963.0,,4045.0
445,2013-06-01,2633263632,2983684172,4008600,195007.0,193037.0,,3141.0
446,2013-06-02,2709734650,3070283296,5058960,199808.0,200737.0,,3220.0
447,2013-06-03,2128739963,2411817041,2064000,152878.0,156759.0,,2521.0
448,2013-06-04,3711048204,4204276379,4048260,266829.0,267885.0,,4377.0
449,2013-06-05,3833598171,4342827629,3979020,275999.0,275137.0,,4498.0
450,2013-06-06,3759342210,4258222749,4420740,263956.0,265011.0,,4388.0
451,2013-06-07,558513475,632579378,554400,38125.0,38209.0,,650.0
452,2013-06-08,2681569719,3036968322,3547320,194131.0,187940.0,,3114.0
453,2013-06-09,3465695556,3924905333,5549580,247198.0,246723.0,,4008.0
454,2013-06-10,2689830755,3046113184,2608020,185220.0,183683.0,,3098.0
455,2013-06-11,1974398310,2235855067,1621920,136627.0,137704.0,,2267.0
456,2013-06-12,3519908079,3985884940,3262680,248077.0,246197.0,,4027.0
457,2013-06-13,2170508235,2457689797,1787820,149669.0,145953.0,,2474.0
458,2013-06-14,2743343391,3106165296,2940660,188637.0,191171.0,,3117.0
459,2013-06-15,3641014981,4122838641,5555220,255989.0,258026.0,,4120.0
460,2013-06-16,2925922649,3312960440,4188240,197790.0,198067.0,,3297.0
461,2013-06-17,3013542570,3411803171,2973840,207042.0,207681.0,,3383.0
462,2013-06-18,2872704744,3252062627,2666040,200516.0,192788.0,,3213.0
463,2013-06-19,4421621988,5004804183,4433100,304326.0,305375.0,,4923.0
464,2013-06-20,4446763458,5032641662,4573620,305745.0,305397.0,,4924.0
465,2013-06-21,4386340267,4963615273,4363860,300869.0,302361.0,,4831.0
466,2013-06-22,3569943377,4039352810,4495380,248959.0,247106.0,,3913.0
467,2013-06-23,3552200448,4018925558,4819740,246906.0,245924.0,,3877.0
468,2013-06-24,3667740320,4149455630,3503880,245504.0,243776.0,,3986.0
469,2013-06-25,4032854770,4562490606,3859380,268689.0,269061.0,,4363.0
470,2013-06-26,3663019548,4143791332,3200460,241535.0,239823.0,,3945.0
471,2013-06-27,3636268000,4113274457,3058080,242181.0,237817.0,,3900.0
472,2013-06-28,3697542956,4182306190,3672000,243839.0,245438.0,,3949.0
473,2013-06-29,3645317856,4122988442,4787580,251995.0,247875.0,,3877.0
474,2013-06-30,3761591208,4254012472,4919280,254310.0,253076.0,,3984.0
475,2013-07-01,3704304840,4188823525,3164760,244140.0,242721.0,,3907.0
476,2013-07-02,4148007534,4690396982,3761280,269171.0,270487.0,,4356.0
477,2013-07-03,4484395052,5070118182,4159200,290805.0,289817.0,,4687.0
478,2013-07-04,3968716348,4486519663,5724780,261020.0,263765.0,,4129.0
479,2013-07-05,3521540430,3980819959,3805140,230407.0,228095.0,,3649.0
480,2013-07-06,3329122881,3762813097,4027320,213655.0,216775.0,,3437.0
481,2013-07-07,2745176800,3102443848,3107820,177838.0,177368.0,,2825.0
482,2013-07-08,4352181251,4917808791,3967560,276089.0,278880.0,,4462.0
483,2013-07-09,4756156159,5373089337,4672500,303797.0,301442.0,,4853.0
484,2013-07-10,4351305339,4914982582,3605580,271171.0,269235.0,,4419.0
485,2013-07-11,4411477430,4982294018,3487920,275280.0,278961.0,,4460.0
486,2013-07-12,5184487536,5854480518,4896780,329012.0,326175.0,,5216.0
487,2013-07-13,4233429960,4779909269,4978740,273231.0,271272.0,,4239.0
488,2013-07-14,4064478090,4588682726,4839480,257183.0,253953.0,,4053.0
489,2013-07-15,4708641300,5315022739,3961620,292445.0,297981.0,,4675.0
490,2013-07-16,4928286595,5562087835,4159560,304217.0,304013.0,,4870.0
491,2013-07-17,4964234849,5601527834,4102620,304708.0,305019.0,,4882.0
492,2013-07-18,4812950751,5429599459,4184520,298851.0,301693.0,,4711.0
493,2013-07-19,4390835944,4952568173,3605340,265943.0,263792.0,,4279.0
494,2013-07-20,3622629578,4085674528,3907980,222362.0,222438.0,,3517.0
495,2013-07-21,4316449000,4867648805,5363820,269881.0,269820.0,,4175.0
496,2013-07-22,5248551203,5917929230,4665600,316311.0,316163.0,,5054.0
497,2013-07-23,2752825222,3103450670,2112300,165116.0,168450.0,,2641.0
498,2013-07-24,5409099575,6097069241,4808940,323389.0,320846.0,,5170.0
499,2013-07-25,3441341358,3878268422,2417160,216039.0,208924.0,,3276.0
500,2013-07-26,2493142165,2809273417,1812240,151245.0,152973.0,,2367.0
501,2013-07-27,4535019477,5109476136,5253180,269925.0,270092.0,,4292.0
502,2013-07-28,4179305750,4708039553,5022060,249998.0,252421.0,,3940.0
503,2013-07-29,4795510377,5401368216,3755820,287170.0,286621.0,,4503.0
504,2013-07-30,5931982980,6680420489,5199360,351324.0,351778.0,,5544.0
505,2013-07-31,5908805241,6652883688,5008500,343050.0,349068.0,,5494.0
506,2013-08-01,5413491777,6093614062,4552800,315811.0,316055.0,,5009.0
507,2013-08-02,4891310321,5504830953,4418880,278898.0,283376.0,,4506.0
508,2013-08-03,5028492902,5658356931,5934360,297834.0,296729.0,,4613.0
509,2013-08-04,5066227634,5699990733,5624880,297649.0,298064.0,,4628.0
510,2013-08-05,5747703286,6465366706,4522260,326521.0,331292.0,,5227.0
511,2013-08-06,5820431454,6545701538,4692000,335847.0,334158.0,,5268.0
512,2013-08-07,5823702635,6547897977,4801500,334710.0,335820.0,,5246.0
513,2013-08-08,5463340305,6141552502,4227840,316003.0,316085.0,,4899.0
514,2013-08-09,2194743231,2466939722,1650480,127045.0,127180.0,,1962.0
515,2013-08-10,5233845438,5882415408,5519460,303277.0,301844.0,,4665.0
516,2013-08-11,5095308756,5725954085,6009300,291992.0,294251.0,,4523.0
517,2013-08-12,5922941820,6654846832,4724700,333787.0,336865.0,,5235.0
518,2013-08-13,5485610361,6162390410,3943080,313854.0,315937.0,,4827.0
519,2013-08-14,6239928207,7008734891,4779540,354674.0,353245.0,,5466.0
520,2013-08-15,6234162400,7000941931,7975200,356537.0,354763.0,,5435.0
521,2013-08-16,6252149750,7019906897,5477700,343484.0,341673.0,,5425.0
522,2013-08-17,5319780378,5971918451,5937600,285709.0,288249.0,,4596.0
523,2013-08-18,4939253904,5543931275,5257740,270086.0,269680.0,,4251.0
524,2013-08-19,6087519693,6831422825,4737540,335341.0,338820.0,,5218.0
525,2013-08-20,6097130347,6840869121,4364400,336862.0,334604.0,,5203.0
526,2013-08-21,6102967955,6846311905,4454940,336784.0,339264.0,,5185.0
527,2013-08-22,5973464586,6699577802,4247640,324380.0,321996.0,,5053.0
528,2013-08-23,6048967420,6782572780,4553820,330776.0,329534.0,,5095.0
529,2013-08-24,5463279725,6124582572,5739720,296428.0,296768.0,,4583.0
530,2013-08-25,5231327530,5863555200,5386080,279500.0,274745.0,,4372.0
531,2013-08-26,5428513220,6083377670,3687960,290047.0,288902.0,,4520.0
532,2013-08-27,6184666167,6929241285,4334340,331572.0,329669.0,,5129.0
533,2013-08-28,6598135452,7390727508,4541640,354016.0,351736.0,,5448.0
534,2013-08-29,5314009585,5951088352,3212460,286600.0,283324.0,,4370.0
535,2013-08-30,6218513235,6962514339,4553040,329681.0,326788.0,,5094.0
536,2013-08-31,4361283020,4882330612,4125900,228184.0,225249.0,,3560.0
537,2013-09-01,3206738815,3589470930,2733660,167640.0,169867.0,,2611.0
538,2013-09-02,4089818843,4577485210,3398760,218113.0,215833.0,,3322.0
539,2013-09-03,6092294922,6817727416,3863880,321079.0,319200.0,,4932.0
540,2013-09-04,6637380400,7426266137,4198080,339010.0,342746.0,,5351.0
541,2013-09-05,5630164056,6298123427,3231300,295351.0,295751.0,,4521.0
542,2013-09-06,6499769004,7269662778,4291920,339576.0,338811.0,,5199.0
543,2013-09-07,5750806343,6431074022,5068080,303606.0,303056.0,,4582.0
544,2013-09-08,4843269723,5415442731,4198440,259166.0,256753.0,,3846.0
545,2013-09-09,6305955315,7049925421,4009560,324205.0,327482.0,,4990.0
546,2013-09-10,5943184860,6643016280,3363060,309827.0,309988.0,,4685.0
547,2013-09-11,6463963674,7223856393,3754980,329184.0,329476.0,,5076.0
548,2013-09-12,6366753210,7113925662,4153320,326844.0,327989.0,,4980.0
549,2013-09-13,5268028795,5885163198,3378720,268787.0,269814.0,,4106.0
550,2013-09-14,5884458567,6572711122,5109840,295951.0,294748.0,,4571.0
551,2013-09-15,5861350299,6546239841,5032200,305328.0,300679.0,,4537.0
552,2013-09-16,6024798324,6727946326,3207420,312159.0,311884.0,,4647.0
553,2013-09-17,6986449316,7800422032,4033320,356077.0,355093.0,,5368.0
554,2013-09-18,6905265942,7708326730,3940320,348799.0,348376.0,,5284.0
555,2013-09-19,7134355282,7962681259,4454460,361069.0,363302.0,,5437.0
556,2013-09-20,7323684893,8172686367,4610760,365289.0,364420.0,,5558.0
557,2013-09-21,5945581450,6634035378,4985040,296372.0,295741.0,,4495.0
558,2013-09-22,4733813672,5281278280,3729240,241379.0,237840.0,,3568.0
559,2013-09-23,6528447090,7282612042,3509580,326829.0,327401.0,,4905.0
560,2013-09-24,6685009320,7456163346,3730980,326706.0,329982.0,,5004.0
561,2013-09-25,6754377176,7532245195,3591120,336121.0,336455.0,,5037.0
562,2013-09-26,7033288895,7842230328,4139280,350762.0,350079.0,,5225.0
563,2013-09-27,6927910020,7723418549,4145460,345344.0,340722.0,,5127.0
564,2013-09-28,6191982279,6901945440,5102040,312725.0,311900.0,,4566.0
565,2013-09-29,5150029545,5739737296,4074840,254020.0,253581.0,,3786.0
566,2013-09-30,6573201128,7324886813,3387480,320653.0,323313.0,,4817.0
567,2013-10-01,7346934018,8185527392,4072500,366195.0,363523.0,,5364.0
568,2013-10-02,7502461032,8357247038,4031100,372013.0,370688.0,,5456.0
569,2013-10-03,7728663177,8607871381,4676220,378056.0,375593.0,,5598.0
570,2013-10-04,7062844516,7865329540,3845280,343278.0,341022.0,,5096.0
571,2013-10-05,6382385789,7106457513,5031600,308546.0,310782.0,,4589.0
572,2013-10-06,2185603056,2433414646,1285380,106981.0,108559.0,,1568.0
573,2013-10-07,6123814512,6817571563,2992980,296199.0,296170.0,,4384.0
574,2013-10-08,7295588250,8120636504,3853980,350452.0,350402.0,,5205.0
575,2013-10-09,7039399518,7834332243,3605820,337339.0,340021.0,,5004.0
576,2013-10-10,7171926220,7980555969,4218360,350115.0,348347.0,,5080.0
577,2013-10-11,7125343679,7927591932,4129560,337673.0,338364.0,,5029.0
578,2013-10-12,4248372899,4726205590,2709840,206795.0,204356.0,,2990.0
579,2013-10-13,5686011184,6325121021,4587780,276842.0,277476.0,,3992.0
580,2013-10-14,6009493357,6684108105,3818520,284558.0,286173.0,,4207.0
581,2013-10-15,7094931530,7890338508,3871140,334598.0,332747.0,,4951.0
582,2013-10-16,7151134216,7951570140,3672480,333712.0,334260.0,,4973.0
583,2013-10-17,7327642865,8146668925,3951060,349573.0,348274.0,,5078.0
584,2013-10-18,7942468974,8829121295,5001480,373614.0,367182.0,,5484.0
585,2013-10-19,7433697615,8262439688,7106880,350796.0,345018.0,,5114.0
586,2013-10-20,6193306666,6883041307,5290800,291743.0,293396.0,,4247.0
587,2013-10-21,7144527654,7939138724,3540540,331018.0,332400.0,,4884.0
588,2013-10-22,7296289641,8106511914,3807420,340593.0,334831.0,,4971.0
589,2013-10-23,7135129755,7925998638,3439440,330862.0,327929.0,,4845.0
590,2013-10-24,7083209076,7867056158,4012680,324890.0,325072.0,,4794.0
591,2013-10-25,6274759658,6968107777,3054480,288102.0,286096.0,,4234.0
592,2013-10-26,4572887643,5077683526,2793840,216337.0,215472.0,,3078.0
593,2013-10-27,4358830152,4839543951,2772660,197437.0,198425.0,,2928.0
594,2013-10-28,6077616556,6746841006,2744160,278014.0,276884.0,,4073.0
595,2013-10-29,6043264892,6707556456,2687220,276370.0,273451.0,,4039.0
596,2013-10-30,5853774547,6496388383,2791080,261433.0,259643.0,,3902.0
597,2013-10-31,6064795296,6729788195,3098460,274340.0,280094.0,,4032.0
598,2013-11-01,6127869419,6799157154,2885760,281216.0,276111.0,,4063.0
599,2013-11-02,7237968045,8030197561,5688360,333195.0,334593.0,,4785.0
600,2013-11-03,3038127126,3370433655,1385760,136842.0,139654.0,,2004.0
601,2013-11-04,5174336959,5739756579,2142360,238577.0,235891.0,,3407.0
602,2013-11-05,5847388601,6485655647,2452680,264614.0,262549.0,,3841.0
603,2013-11-06,6293112189,6979012118,3250740,284287.0,283035.0,,4123.0
604,2013-11-07,4105839606,4552809942,1670760,190596.0,181908.0,,2684.0
605,2013-11-08,5585925862,6193464586,2647680,251600.0,251962.0,,3644.0
606,2013-11-09,3693923675,4095312274,2003640,165588.0,162993.0,,2405.0
607,2013-11-10,3602718507,3993890119,1876980,163376.0,163121.0,,2342.0
608,2013-11-11,4892887725,5423629276,2107500,218095.0,217410.0,,3175.0
609,2013-11-12,3668169809,4065679863,1432500,169100.0,166283.0,,2376.0
610,2013-11-13,4365605737,4838225442,1667340,196705.0,192884.0,,2823.0
611,2013-11-14,5080787547,5630115515,2004180,227431.0,224128.0,,3279.0
612,2013-11-15,6220305675,6892028674,2916000,276223.0,273768.0,,4005.0
613,2013-11-16,4866245763,5391269018,3047580,222466.0,215997.0,,3126.0
614,2013-11-17,3466490625,3840121805,1930920,153265.0,154165.0,,2223.0
615,2013-11-18,4989294699,5526551143,2089020,222892.0,223132.0,,3194.0
616,2013-11-19,4294504060,4756436600,1630260,197161.0,194532.0,,2744.0
617,2013-11-20,3988219896,4416785615,1499340,183256.0,180868.0,,2544.0
618,2013-11-21,3997834859,4427048850,1813980,184389.0,183468.0,,2546.0
619,2013-11-22,2402441548,2660179869,962280,108410.0,108729.0,,1528.0
620,2013-11-23,2415798350,2674840345,1276800,110285.0,106933.0,,1535.0
621,2013-11-24,1074094417,1189228645,403620,49644.0,49523.0,,682.0
622,2013-11-25,2149584206,2379923423,757200,102310.0,101695.0,,1364.0
623,2013-11-26,2160912645,2392342897,799680,103063.0,100718.0,,1370.0
624,2013-11-27,572877525,634211143,222180,27292.0,28062.0,,363.0
625,2013-11-28,263599480,291819349,126540,16027.0,14352.0,,167.0
626,2013-11-29,386768270,428170085,142140,23748.0,22723.0,,245.0
627,2013-11-30,405776529,449208500,166080,24475.0,23869.0,,257.0
